0.60084,-0.822682,1
0.717229,-0.707458,1
0.616303,-0.786602,1
0.613643,-0.895176,1
0.651552,-0.865414,1
0.530508,-0.828336,1
0.616802,-0.741709,1
0.572076,-0.786768,1
0.740507,-0.758669,1
0.650887,-0.781448,1
0.703927,-0.678527,1
0.722716,-0.914629,1
0.754806,-0.782944,1
0.633263,-0.828003,1
0.618964,-0.794084,1
0.478632,-0.829001,1
0.636755,-0.825343,1
0.685305,-0.82368,1
0.66103,-0.780616,1
0.558442,-0.82235,1
0.580556,-0.74969,1
0.620793,-0.829998,1
0.669343,-0.887195,1
0.598845,-0.784607,1
0.656707,-0.747695,1
0.628109,-0.783942,1
0.766611,-0.770474,1
0.569914,-0.795913,1
0.750815,-0.796412,1
0.646066,-0.811044,1
0.636089,-0.777125,1
0.600674,-0.80007,1
0.712241,-0.797742,1
0.612812,-0.677696,1
0.61514,-0.829832,1
0.592859,-0.87539,1
0.617467,-0.69266,1
0.584047,-0.794915,1
0.670175,-0.743871,1
0.598679,-0.763657,1
0.608821,-0.782279,1
0.661861,-0.844962,1
0.585377,-0.844796,1
0.630104,-0.753681,1
0.648892,-0.839476,1
0.721552,-0.895342,1
0.558442,-0.714275,1
0.570579,-0.851613,1
0.649557,-0.751685,1
0.75015,-0.826507,1
0.705257,-0.811376,1
0.605496,-0.790592,1
0.641244,-0.687339,1
0.691291,-0.748027,1
0.582052,-0.785438,1
0.604332,-0.818858,1
0.632099,-0.731068,1
0.62761,-0.709453,1
0.751148,-0.735225,1
0.548964,-0.864582,1
0.569914,-0.827005,1
0.634593,-0.889523,1
0.697609,-0.729239,1
0.546803,-0.8852,1
0.635258,-0.881542,1
0.5897,-0.718265,1
0.580722,-0.797742,1
0.711742,-0.743538,1
0.643073,-0.830663,1
0.72521,-0.838145,1
0.586541,-0.839476,1
0.659201,-0.860758,1
0.615472,-0.835319,1
0.632099,-0.881542,1
0.636422,-0.805557,1
0.46583,-0.823846,1
0.793048,-0.786103,1
0.605828,-0.901993,1
0.615472,-0.835651,1
0.63426,-0.778621,1
0.757965,-0.835319,1
0.572408,-0.804892,1
0.610817,-0.840639,1
0.614807,-0.807386,1
0.582717,-0.918952,1
0.689296,-0.834155,1
0.660365,-0.764987,1
0.570579,-0.750189,1
0.588204,-0.915294,1
0.701932,-0.753847,1
0.607824,-0.809547,1
0.567586,-0.818858,1
0.647396,-0.80539,1
0.694284,-0.807884,1
0.728868,-0.828502,1
0.679153,-0.875556,1
0.616137,-0.85444,1
0.570413,-0.744037,1
0.65521,-0.790426,1
0.671172,-0.691828,1
0.126807,-0.328198,2
0.102698,-0.331024,2
0.0883985,-0.48183,2
0.0734343,-0.361784,2
0.0539808,-0.467365,2
-0.00188567,-0.400691,2
0.0375201,-0.388886,2
0.0546459,-0.40252,2
0.148255,-0.479336,2
0.117163,-0.383067,2
0.0335297,-0.38739,2
0.0159051,-0.469194,2
0.0395154,-0.34948,2
0.0455011,-0.40252,2
0.0900612,-0.406344,2
0.0930541,-0.326036,2
0.0262138,-0.285965,2
0.0564748,-0.379741,2
0.0558098,-0.443589,2
0.00360121,-0.3553,2
0.0277103,-0.398862,2
0.135453,-0.415489,2
0.00227106,-0.41499,2
-0.0486073,-0.456558,2
0.0769259,-0.392211,2
0.083743,-0.519241,2
-0.00737256,-0.300929,2
-0.020009,-0.467698,2
0.128137,-0.382069,2
0.0860708,-0.356962,2
0.0631256,-0.264517,2
-5.67132e-05,-0.440762,2
0.124645,-0.39138,2
0.0450023,-0.37043,2
0.0589689,-0.427627,2
0.0684462,-0.411499,2
0.128469,-0.524229,2
-0.0444506,-0.467199,2
0.0579713,-0.378743,2
0.0835767,-0.384729,2
0.108185,-0.387556,2
0.0983747,-0.416653,2
0.117496,-0.366107,2
0.189656,-0.397532,2
0.0855719,-0.402686,2
0.0177341,-0.347651,2
0.00975317,-0.405513,2
0.0930541,-0.373423,2
0.0642895,-0.417651,2
-0.013192,-0.418482,2
0.108351,-0.409171,2
0.0774248,-0.408506,2
-0.0397951,-0.517578,2
0.00759167,-0.303922,2
0.0523181,-0.455892,2
0.064622,-0.456391,2
0.0504891,-0.3553,2
0.0869021,-0.384729,2
-0.00903525,-0.365608,2
-0.0795334,-0.426463,2
0.000109556,-0.379409,2
0.00576271,-0.362283,2
-0.0594148,-0.413161,2
0.0792537,-0.381071,2
0.0691113,-0.374919,2
0.00759167,-0.467032,2
0.129966,-0.395869,2
0.0323658,-0.371926,2
0.123814,-0.425133,2
0.0112496,-0.435275,2
0.101368,-0.370929,2
0.0047651,-0.433446,2
0.0543133,-0.484324,2
-0.0314816,-0.451902,2
0.0509879,-0.524894,2
0.057805,-0.408339,2
0.0717716,-0.427793,2
0.0524844,-0.484657,2
0.125809,-0.363779,2
0.0396816,-0.386059,2
0.119158,-0.515084,2
0.0659522,-0.406178,2
0.0548121,-0.373922,2
0.0617954,-0.415156,2
0.0717716,-0.395537,2
0.191818,-0.330193,2
0.0885648,-0.332687,2
0.0218908,-0.416985,2
0.0627931,-0.390881,2
0.162056,-0.392378,2
0.0331971,-0.327533,2
0.012746,-0.407342,2
0.0411781,-0.429289,2
0.159063,-0.392378,2
0.0258813,-0.256868,2
-0.0303177,-0.365774,2
0.122484,-0.33834,2
0.113671,-0.395038,2
-0.000888059,-0.394872,2
0.10885,-0.296939,2
-0.601785,-0.532376,3
-0.693898,-0.486486,3
-0.65416,-0.372924,3
-0.585823,-0.528718,3
-0.641191,-0.446083,3
-0.68891,-0.433945,3
-0.658649,-0.522566,3
-0.663305,-0.596057,3
-0.660977,-0.549668,3
-0.621904,-0.493469,3
-0.645514,-0.419646,3
-0.563044,-0.438434,3
-0.570693,-0.487317,3
-0.582165,-0.442923,3
-0.656321,-0.460382,3
-0.619908,-0.493137,3
-0.548579,-0.457721,3
-0.595467,-0.574609,3
-0.621405,-0.45423,3
-0.554066,-0.560642,3
-0.643186,-0.517412,3
-0.571857,-0.481664,3
-0.617414,-0.530714,3
-0.544921,-0.442425,3
-0.620075,-0.480999,3
-0.616749,-0.517911,3
-0.570693,-0.402354,3
-0.544422,-0.439598,3
-0.589315,-0.440596,3
-0.639528,-0.415822,3
-0.639196,-0.500453,3
-0.54808,-0.453565,3
-0.560883,-0.536034,3
-0.586488,-0.382401,3
-0.645846,-0.407009,3
-0.637367,-0.48632,3
-0.573686,-0.493469,3
-0.572023,-0.440928,3
-0.507843,-0.521403,3
-0.608768,-0.584917,3
-0.516489,-0.576936,3
-0.674611,-0.529716,3
-0.554232,-0.592566,3
-0.638198,-0.581426,3
-0.61941,-0.58259,3
-0.531121,-0.553326,3
-0.665965,-0.464705,3
-0.678269,-0.49164,3
-0.47542,-0.578599,3
-0.528128,-0.34549,3
-0.572189,-0.520072,3
-0.653661,-0.505108,3
-0.559386,-0.432615,3
-0.680597,-0.539526,3
-0.627224,-0.435109,3
-0.713019,-0.484158,3
-0.650835,-0.489146,3
-0.697224,-0.432615,3
-0.51599,-0.583753,3
-0.77138,-0.539193,3
-0.698221,-0.47917,3
-0.612094,-0.43461,3
-0.664635,-0.463375,3
-0.546251,-0.526224,3
-0.619576,-0.458386,3
-0.559885,-0.546509,3
-0.651167,-0.544514,3
-0.643685,-0.551664,3
-0.638364,-0.587079,3
-0.632046,-0.464206,3
-0.560218,-0.457389,3
-0.458295,-0.51708,3
-0.565206,-0.511094,3
-0.596298,-0.499122,3
-0.518484,-0.474182,3
-0.563211,-0.530714,3
-0.541263,-0.453398,3
-0.649338,-0.51708,3
-0.537106,-0.395703,3
-0.560717,-0.5362,3
-0.581999,-0.535369,3
-0.683756,-0.494799,3
-0.541928,-0.470358,3
-0.475088,-0.581758,3
-0.629552,-0.546509,3
-0.554398,-0.499455,3
-0.606108,-0.504277,3
-0.645015,-0.609691,3
-0.558888,-0.486652,3
-0.626227,-0.466866,3
-0.681428,-0.395204,3
-0.574517,-0.508932,3
-0.598626,-0.491142,3
-0.582498,-0.580428,3
-0.547083,-0.47385,3
-0.671119,-0.419479,3
-0.573852,-0.418814,3
-0.610764,-0.556984,3
-0.649837,-0.446748,3
-0.646678,-0.450239,3
0.527682,0.545714,4
0.575235,0.52892,4
0.517207,0.568492,4
0.51305,0.558516,4
0.699771,0.549039,4
0.682811,0.480869,4
0.590698,0.555856,4
0.50457,0.456926,4
0.475806,0.42151,4
0.69844,0.540227,4
0.628441,0.604905,4
0.666018,0.653622,4
0.528347,0.600084,4
0.515378,0.486189,4
0.550128,0.579134,4
0.535663,0.54588,4
0.567919,0.529918,4
0.56875,0.540393,4
0.590864,0.540559,4
0.586375,0.531913,4
0.572076,0.429159,4
0.528846,0.523766,4
0.484618,0.500821,4
0.604498,0.592269,4
0.586541,0.565666,4
0.505069,0.649299,4
0.586375,0.455762,4
0.611648,0.548208,4
0.533668,0.546877,4
0.574736,0.499158,4
0.523691,0.45227,4
0.639249,0.481367,4
0.571078,0.514954,4
0.513216,0.519609,4
0.645401,0.472223,4
0.593026,0.49683,4
0.5759,0.521937,4
0.54248,0.469562,4
0.570247,0.455097,4
0.475806,0.560179,4
0.575235,0.536735,4
0.669676,0.625356,4
0.672336,0.487852,4
0.665187,0.488351,4
0.5202,0.484859,4
0.655377,0.542554,4
0.592194,0.486854,4
0.618964,0.534407,4
0.56742,0.518279,4
0.473312,0.432817,4
0.525188,0.490512,4
0.590532,0.564003,4
0.535497,0.691199,4
0.704426,0.47588,4
0.629272,0.497163,4
0.582717,0.533077,4
0.667016,0.574811,4
0.549463,0.467068,4
0.547634,0.512626,4
0.669011,0.495334,4
0.55628,0.518279,4
0.571909,0.565001,4
0.559938,0.47189,4
0.613809,0.592269,4
0.649058,0.492175,4
0.563263,0.482864,4
0.589867,0.539229,4
0.631766,0.510631,4
0.572907,0.441795,4
0.680317,0.538398,4
0.60533,0.369468,4
0.568917,0.548041,4
0.551957,0.531414,4
0.674996,0.562507,4
0.531672,0.530583,4
0.483621,0.573813,4
0.572408,0.631342,4
0.720887,0.534573,4
0.644237,0.49284,4
0.584047,0.567495,4
0.545473,0.516284,4
0.633595,0.53474,4
0.58704,0.456593,4
0.62894,0.527091,4
0.616802,0.552531,4
0.57723,0.504811,4
0.567586,0.610891,4
0.607491,0.475382,4
0.602004,0.532412,4
0.546304,0.495001,4
0.471483,0.5512,4
0.646731,0.438969,4
0.63293,0.568326,4
0.579724,0.523267,4
0.595021,0.495334,4
0.560437,0.480869,4
0.550461,0.525927,4
0.572907,0.469396,4
0.582551,0.531414,4
0.645068,0.495168,4
-0.916865,0.312604,5
-0.791498,0.189565,5
-0.923017,0.198876,5
-0.82575,0.121561,5
-0.795156,0.356998,5
-0.854681,0.263222,5
-0.892424,0.217498,5
-0.7629,0.152154,5
-0.862828,0.294314,5
-0.763898,0.159636,5
-0.71967,0.283174,5
-0.854348,0.209018,5
-0.771546,0.198211,5
-0.752924,0.20536,5
-0.867317,0.237284,5
-0.872804,0.240277,5
-0.895749,0.227142,5
-0.84221,0.199707,5
-0.794491,0.257403,5
-0.774206,0.218496,5
-0.899573,0.274695,5
-0.906723,0.243769,5
-0.897911,0.219992,5
-0.764396,0.3284,5
-0.840381,0.189565,5
-0.848196,0.267379,5
-0.844206,0.218329,5
-0.868315,0.155313,5
-0.826914,0.165955,5
-0.80746,0.169446,5
-0.795655,0.243935,5
-0.694563,0.188733,5
-0.810786,0.239113,5
-0.823588,0.235788,5
-0.822757,0.186406,5
-0.79765,0.150824,5
-0.764563,0.190729,5
-0.853683,0.20985,5
-0.835393,0.250752,5
-0.80347,0.299469,5
-0.778031,0.3141,5
-0.816938,0.18308,5
-0.757081,0.117238,5
-0.849859,0.176596,5
-0.865156,0.195883,5
-0.839051,0.263555,5
-0.902234,0.285835,5
-0.775536,0.191061,5
-0.879954,0.206025,5
-0.906224,0.279516,5
-0.783517,0.2165,5
-0.764895,0.2865,5
-0.818933,0.159969,5
-0.85069,0.208852,5
-0.878291,0.157142,5
-0.81594,0.258733,5
-0.701547,0.179256,5
-0.73929,0.309944,5
-0.820762,0.268044,5
-0.886604,0.22764,5
-0.851355,0.216667,5
-0.827745,0.189897,5
-0.923849,0.320917,5
-0.923682,0.271868,5
-0.765394,0.128544,5
-0.826249,0.0994469,5
-0.933326,0.268543,5
-0.684587,0.211679,5
-0.928504,0.212344,5
-0.89658,0.191893,5
-0.798814,0.0916322,5
-0.815275,0.157475,5
-0.687414,0.199375,5
-0.870476,0.176928,5
-0.725988,0.208519,5
-0.767389,0.214006,5
-0.745941,0.248923,5
-0.825417,0.176596,5
-0.857673,0.239944,5
-0.785845,0.234457,5
-0.795156,0.308115,5
-0.763731,0.238614,5
-0.946295,0.233959,5
-0.803636,0.195384,5
-0.826914,0.225313,5
-0.761902,0.221322,5
-0.801973,0.130539,5
-0.809954,0.26555,5
-0.818268,0.298139,5
-0.704207,0.335549,5
-0.751427,0.213674,5
-0.907222,0.29631,5
-0.807626,0.282343,5
-0.863659,0.233959,5
-0.808458,0.234956,5
-0.844704,0.0801596,5
-0.865488,0.247426,5
-0.79366,0.177926,5
-1,0.248424,5
-0.735133,0.236785,5
0.819817,-0.476842,6
0.766611,-0.427627,6
0.732027,-0.467032,6
0.716231,-0.570119,6
0.64856,-0.511593,6
0.695946,-0.49164,6
0.830957,-0.485156,6
0.7154,-0.53088,6
0.76395,-0.566129,6
0.721053,-0.553492,6
0.666018,-0.644442,6
0.766611,-0.56031,6
0.731694,-0.491807,6
0.79338,-0.430287,6
0.700436,-0.486985,6
0.652051,-0.559312,6
0.759627,-0.501949,6
0.740673,-0.475845,6
0.715234,-0.503612,6
0.732692,-0.42214,6
0.714402,-0.495298,6
0.70426,-0.539526,6
0.929222,-0.534205,6
0.687799,-0.491308,6
0.614308,-0.536367,6
0.671671,-0.510928,6
0.810173,-0.430786,6
0.713903,-0.397033,6
0.719557,-0.589905,6
0.655543,-0.55449,6
0.764616,-0.579098,6
0.635591,-0.474348,6
0.762787,-0.372758,6
0.720388,-0.372259,6
0.724545,-0.542352,6
0.808677,-0.463873,6
0.744497,-0.51259,6
0.777751,-0.484657,6
0.680816,-0.546842,6
0.736017,-0.370929,6
0.759295,-0.576271,6
0.719723,-0.497959,6
0.746825,-0.456391,6
0.67084,-0.447912,6
0.760958,-0.407176,6
0.786064,-0.533873,6
0.745162,-0.494633,6
0.732526,-0.489146,6
0.736516,-0.414658,6
0.787228,-0.513754,6
0.747989,-0.56563,6
0.651054,-0.411665,6
0.652051,-0.474681,6
0.795542,-0.445085,6
0.740839,-0.515916,6
0.721386,-0.496296,6
0.72521,-0.495963,6
0.770768,-0.449574,6
0.680151,-0.47069,6
0.74034,-0.493802,6
0.710578,-0.571117,6
0.790554,-0.545512,6
0.827133,-0.452567,6
0.674664,-0.449408,6
0.711742,-0.504776,6
0.751647,-0.44708,6
0.764117,-0.56297,6
0.764283,-0.496961,6
0.735186,-0.63962,6
0.743001,-0.544015,6
0.824971,-0.475845,6
0.743001,-0.47069,6
0.806349,-0.480667,6
0.782406,-0.495465,6
0.74483,-0.544181,6
0.73768,-0.452733,6
0.692621,-0.476177,6
0.698939,-0.321048,6
0.808843,-0.443422,6
0.645567,-0.448577,6
0.720388,-0.490643,6
0.772763,-0.533873,6
0.813998,-0.450904,6
0.76844,-0.49879,6
0.734853,-0.58525,6
0.759295,-0.330027,6
0.680816,-0.477009,6
0.747656,-0.508932,6
0.732359,-0.490144,6
0.697443,-0.537032,6
0.69711,-0.493303,6
0.745162,-0.4805,6
0.725376,-0.600048,6
0.713737,-0.401522,6
0.724046,-0.599217,6
0.650389,-0.534039,6
0.676327,-0.488149,6
0.655377,-0.46936,6
0.700103,-0.494134,6
0.657538,-0.482662,6
0.230891,0.779821,7
0.316021,0.72861,7
0.329988,0.61987,7
0.268302,0.729108,7
0.3526,0.740914,7
0.46849,0.701009,7
0.312696,0.765688,7
0.342957,0.794951,7
0.344952,0.782481,7
0.453858,0.752885,7
0.350771,0.704501,7
0.438229,0.741412,7
0.2969,0.80659,7
0.250511,0.761365,7
0.213932,0.777493,7
0.39184,0.820889,7
0.360914,0.777327,7
0.427422,0.797279,7
0.314525,0.672909,7
0.250677,0.787635,7
0.285261,0.770676,7
0.364405,0.776828,7
0.351603,0.803763,7
0.347612,0.707992,7
0.364572,0.695688,7
0.358586,0.732268,7
0.399987,0.769512,7
0.422433,0.671912,7
0.364239,0.692862,7
0.241366,0.686045,7
0.410628,0.865782,7
0.276782,0.747066,7
0.273789,0.804262,7
0.29956,0.746068,7
0.30272,0.644311,7
0.292411,0.674572,7
0.228564,0.660107,7
0.360914,0.68405,7
0.300724,0.777825,7
0.30937,0.677898,7
0.347612,0.767683,7
0.392339,0.713147,7
0.367731,0.696686,7
0.456685,0.824547,7
0.283432,0.698515,7
0.328159,0.759868,7
0.321009,0.703836,7
0.293409,0.723954,7
0.363075,0.683551,7
0.305214,0.728443,7
0.32899,0.777825,7
0.360748,0.645641,7
0.3526,0.753716,7
0.261817,0.776329,7
0.378206,0.74507,7
0.29158,0.885402,7
0.284763,0.710154,7
0.354263,0.824713,7
0.288587,0.696021,7
0.423764,0.890888,7
0.402481,0.659442,7
0.281603,0.915164,7
0.27196,0.717137,7
0.265143,0.762695,7
0.323004,0.720296,7
0.370391,0.769678,7
0.31785,0.804595,7
0.371389,0.731104,7
0.346282,0.751056,7
0.201129,0.75089,7
0.284929,0.702672,7
0.259988,0.713812,7
0.295237,0.782647,7
0.298729,0.808253,7
0.318848,0.797778,7
0.341793,0.740082,7
0.324667,0.720795,7
0.307874,0.723289,7
0.402149,0.752719,7
0.460177,0.76602,7
0.311864,0.828039,7
0.309703,0.715807,7
0.378372,0.728443,7
0.323503,0.731104,7
0.388847,0.747066,7
0.341128,0.744239,7
0.384857,0.77849,7
0.367398,0.726947,7
0.323503,0.743906,7
0.320012,0.678729,7
0.319347,0.69203,7
0.342458,0.748728,7
0.366567,0.737755,7
0.286591,0.745569,7
0.318848,0.755047,7
0.250179,0.716306,7
0.438562,0.773835,7
0.292411,0.753051,7
0.340629,0.702838,7
0.273955,0.758704,7
-0.232501,0.0708485,8
-0.217869,0.0898032,8
-0.19958,0.125052,8
-0.230838,0.126715,8
-0.19692,0.125717,8
-0.188107,0.134696,8
-0.208226,0.0668581,8
-0.29718,0.217332,8
-0.208226,0.0828199,8
-0.180791,0.175266,8
-0.08236,0.131869,8
-0.194592,0.0577133,8
-0.266753,0.0799934,8
-0.255945,-0.0151127,8
-0.218535,0.114411,8
-0.145875,0.148829,8
-0.131908,0.0703497,8
-0.270743,0.259232,8
-0.268415,0.0888056,8
-0.202074,0.0543879,8
-0.24414,0.155978,8
-0.164663,0.178092,8
-0.122098,0.13586,8
-0.129248,0.237284,8
-0.245969,0.165456,8
-0.206397,0.125385,8
-0.201243,0.178258,8
-0.270909,0.228804,8
-0.113951,0.16213,8
-0.141386,0.0798271,8
-0.172145,0.0793283,8
-0.173309,0.186406,8
-0.245138,0.0799934,8
-0.19243,0.0573807,8
-0.186278,0.119565,8
-0.0821937,-0.0142813,8
-0.175803,0.0622025,8
-0.262762,0.168781,8
-0.121101,0.111418,8
-0.281218,0.140017,8
-0.195589,0.139019,8
-0.0481085,0.0706823,8
-0.217869,0.196548,8
-0.295683,0.104934,8
-0.236492,0.127546,8
-0.165661,0.0472383,8
-0.312643,0.151323,8
-0.178464,0.0695184,8
-0.213546,0.100777,8
-0.297346,0.186738,8
-0.193594,0.118734,8
-0.253119,0.178425,8
-0.236824,0.160966,8
-0.187775,0.164292,8
-0.193095,0.165955,8
-0.31946,0.0638652,8
-0.282382,0.0789957,8
-0.135067,0.0563831,8
-0.187608,0.0573807,8
-0.0883457,0.101276,8
-0.0634053,0.0650291,8
-0.267085,0.137855,8
-0.155518,0.0592097,8
-0.181955,0.0632002,8
-0.100151,0.148164,8
-0.154687,0.104269,8
-0.152027,0.182083,8
-0.282049,0.134197,8
-0.205233,0.0774993,8
-0.109794,0.138686,8
-0.19958,0.0249582,8
-0.101148,0.163461,8
-0.244971,0.103437,8
-0.276895,0.150325,8
-0.256111,0.16795,8
-0.241978,0.00899639,8
-0.297512,0.159969,8
-0.210387,0.128544,8
-0.239484,0.0612049,8
-0.21604,0.141679,8
-0.202573,0.108425,8
-0.305327,0.0503974,8
-0.280885,0.146002,8
-0.20357,0.163461,8
-0.151195,0.1189,8
-0.236824,0.098948,8
-0.232834,0.0292812,8
-0.259769,0.144838,8
-0.245803,0.167285,8
-0.220031,0.120729,8
-0.0988206,0.166952,8
-0.161172,-0.0199345,8
-0.206064,0.238448,8
-0.106303,0.121394,8
-0.225019,0.0991143,8
-0.209223,0.160966,8
-0.256776,0.10776,8
-0.234663,0.0861453,8
-0.279555,0.114411,8
-0.177133,-0.0205995,8
0.106688,0.675736,9
0.0852394,0.600915,9
0.164384,0.671912,9
0.0641232,0.691864,9
0.115334,0.652625,9
0.0844081,0.566497,9
0.053482,0.670083,9
0.0716053,0.596592,9
0.147424,0.576307,9
0.0945505,0.653456,9
0.0661184,0.614549,9
0.0978759,0.645309,9
0.165381,0.639157,9
-0.052099,0.622364,9
-0.00421344,0.649466,9
0.0995386,0.53341,9
0.250179,0.620701,9
0.0684462,0.606734,9
-0.0377998,0.602079,9
0.0962132,0.5655,9
0.129633,0.714144,9
0.099206,0.679394,9
0.107519,0.673575,9
0.154407,0.597922,9
0.131961,0.618706,9
0.0617954,0.748562,9
0.0938854,0.608563,9
0.0455011,0.57664,9
0.0987072,0.639822,9
0.0963795,0.601414,9
0.0888973,0.699346,9
0.0243849,0.665261,9
-0.0225031,0.589941,9
0.128636,0.552697,9
0.0767597,0.692696,9
0.0426745,0.653955,9
0.0815815,0.697185,9
0.0913914,0.627019,9
0.119657,0.545381,9
0.0937191,0.623694,9
-0.00205194,0.656615,9
0.107353,0.539395,9
0.0538145,0.610559,9
0.0968783,0.647803,9
0.0970445,0.761864,9
0.129966,0.607067,9
0.117163,0.668586,9
0.0636244,0.539063,9
0.0947168,0.570986,9
0.0779236,0.601247,9
0.0566411,0.611889,9
0.150251,0.572982,9
0.112009,0.693194,9
0.0438384,0.587946,9
0.118493,0.601414,9
0.0731018,0.698515,9
-0.0171824,0.586616,9
0.213433,0.535072,9
0.0177341,0.597423,9
0.0373539,0.586449,9
0.094218,0.629347,9
0.0972108,0.629014,9
0.0436721,0.640653,9
0.108517,0.573314,9
0.138612,0.674073,9
0.12265,0.710486,9
0.13645,0.596758,9
0.118826,0.541391,9
0.0747644,0.673408,9
0.0933866,0.580464,9
0.103196,0.623361,9
0.108185,0.671247,9
0.0681137,0.547044,9
-0.0108642,0.65196,9
0.0212258,0.595594,9
0.0336959,0.538398,9
0.13512,0.604407,9
0.0940517,0.62386,9
0.0817478,0.588445,9
0.116498,0.688206,9
0.15341,0.583955,9
-0.00570987,0.601414,9
0.150251,0.699845,9
0.164384,0.601913,9
0.0797525,0.638658,9
0.120488,0.670582,9
0.0248837,0.599751,9
0.113173,0.570321,9
0.0481614,0.634335,9
0.0292067,0.651461,9
0.14094,0.606734,9
0.0558098,0.641651,9
0.112508,0.596758,9
0.0920565,0.689869,9
0.0734343,0.643314,9
0.0787549,0.623029,9
0.0531494,0.54721,9
0.101534,0.647803,9
0.17303,0.662933,9
0.101866,0.621532,9
-0.3444,0.250253,10
-0.338248,0.315929,10
-0.291859,0.175764,10
-0.294852,0.282509,10
-0.376324,0.176097,10
-0.327773,0.32258,10
-0.312643,0.347853,10
-0.256776,0.375121,10
-0.431193,0.336381,10
-0.344068,0.287664,10
-0.399269,0.369967,10
-0.410409,0.310443,10
-0.305161,0.290823,10
-0.406751,0.311274,10
-0.392785,0.268875,10
-0.311812,0.290158,10
-0.31098,0.359159,10
-0.212715,0.304457,10
-0.406751,0.358162,10
-0.354875,0.33106,10
-0.289698,0.366475,10
-0.375326,0.350846,10
-0.43801,0.376784,10
-0.247964,0.282343,10
-0.29585,0.326903,10
-0.325279,0.297806,10
-0.369341,0.386261,10
-0.396609,0.254244,10
-0.310648,0.342366,10
-0.405255,0.284671,10
-0.407084,0.321749,10
-0.23566,0.285502,10
-0.26509,0.318257,10
-0.371668,0.267379,10
-0.33775,0.267545,10
-0.25129,0.326238,10
-0.378652,0.323744,10
-0.292524,0.260562,10
-0.403093,0.350347,10
-0.342073,0.332723,10
-0.3444,0.271037,10
-0.231171,0.247094,10
-0.403426,0.312105,10
-0.367013,0.386095,10
-0.413402,0.327568,10
-0.333094,0.274528,10
-0.321621,0.289825,10
-0.408248,0.346689,10
-0.427867,0.255075,10
-0.286705,0.330894,10
-0.330267,0.26422,10
-0.263261,0.269374,10
-0.283213,0.281512,10
-0.406918,0.267545,10
-0.312144,0.265882,10
-0.329602,0.36714,10
-0.376324,0.309112,10
-0.32661,0.318922,10
-0.367678,0.366475,10
-0.316633,0.249422,10
-0.245969,0.33954,10
-0.320458,0.274528,10
-0.235161,0.358661,10
-0.342904,0.309611,10
-0.364353,0.282509,10
-0.278724,0.35733,10
-0.293023,0.353174,10
-0.388462,0.274695,10
-0.359531,0.312604,10
-0.270909,0.306785,10
-0.283546,0.366642,10
-0.296847,0.339041,10
-0.365517,0.273032,10
-0.400267,0.256239,10
-0.282548,0.353839,10
-0.339579,0.295478,10
-0.481572,0.351178,10
-0.389127,0.464907,10
-0.392785,0.30878,10
-0.275897,0.328732,10
-0.297679,0.324575,10
-0.237323,0.293317,10
-0.250957,0.366143,10
-0.286871,0.280348,10
-0.240648,0.344195,10
-0.25528,0.369634,10
-0.291028,0.292818,10
-0.371336,0.169945,10
-0.436846,0.319754,10
-0.366015,0.309944,10
-0.381312,0.277687,10
-0.282714,0.423506,10
-0.309983,0.242106,10
-0.379483,0.330727,10
-0.400932,0.299136,10
-0.36136,0.362984,10
-0.339246,0.253745,10
-0.350885,0.27087,10
-0.29718,0.357663,10
-0.34307,0.349516,10
0.466827,-0.546509,11
0.396329,-0.644442,11
0.523691,-0.609359,11
0.478134,-0.677363,11
0.526851,-0.525892,11
0.450865,-0.641116,11
0.558275,-0.586913,11
0.509891,-0.639454,11
0.455022,-0.610024,11
0.47248,-0.609026,11
0.42659,-0.628314,11
0.467326,-0.662399,11
0.502409,-0.712945,11
0.450533,-0.503113,11
0.534,-0.67304,11
0.511886,-0.649264,11
0.430082,-0.572115,11
0.493763,-0.65342,11
0.410961,-0.684845,11
0.436068,-0.648931,11
0.519368,-0.575773,11
0.421768,-0.620998,11
0.403811,-0.669715,11
0.413787,-0.758502,11
0.466661,-0.616342,11
0.518537,-0.620166,11
0.45469,-0.623159,11
0.489606,-0.65209,11
0.506732,-0.595559,11
0.453858,-0.603041,11
0.480794,-0.571283,11
0.416448,-0.641948,11
0.425094,-0.593563,11
0.372719,-0.588243,11
0.41013,-0.629976,11
0.390842,-0.62848,11
0.540152,-0.615345,11
0.535663,-0.602708,11
0.50906,-0.621829,11
0.583548,-0.566295,11
0.446376,-0.673206,11
0.55628,-0.617839,11
0.583216,-0.643777,11
0.377374,-0.632637,11
0.506399,-0.581426,11
0.467659,-0.595226,11
0.540983,-0.69266,11
0.372054,-0.590072,11
0.422433,-0.623492,11
0.364239,-0.721424,11
0.513549,-0.667719,11
0.485283,-0.573112,11
0.49343,-0.606532,11
0.381199,-0.633801,11
0.403479,-0.586746,11
0.517872,-0.661235,11
0.491768,-0.59639,11
0.55229,-0.647933,11
0.57324,-0.645107,11
0.474642,-0.655416,11
0.552955,-0.601711,11
0.475806,-0.591402,11
0.478799,-0.513422,11
0.538822,-0.616342,11
0.4921,-0.58924,11
0.349608,-0.668717,11
0.455355,-0.718099,11
0.442219,-0.575939,11
0.419274,-0.651093,11
0.398491,-0.688836,11
0.467825,-0.662233,11
0.470485,-0.534205,11
0.504737,-0.666722,11
0.380035,-0.514918,11
0.374382,-0.536533,11
0.462172,-0.649762,11
0.530841,-0.624323,11
0.467825,-0.630143,11
0.442219,-0.664893,11
0.42393,-0.599217,11
0.419441,-0.540523,11
0.335641,-0.597886,11
0.58571,-0.559644,11
0.534998,-0.621497,11
0.422932,-0.629478,11
0.578893,-0.675534,11
0.403978,-0.66057,11
0.585377,-0.747529,11
0.538323,-0.574442,11
0.508727,-0.541687,11
0.478466,-0.520737,11
0.403645,-0.648598,11
0.46849,-0.742873,11
0.493929,-0.567293,11
0.438728,-0.660404,11
0.351935,-0.712945,11
0.472647,-0.585915,11
0.528513,-0.564134,11
0.471317,-0.632803,11
0.487611,-0.637625,11
0.787893,-0.190194,12
0.663025,-0.214469,12
0.706089,-0.159102,12
0.584546,-0.132332,12
0.637752,-0.14314,12
0.698939,-0.181548,12
0.568584,-0.154114,12
0.618132,-0.15694,12
0.720554,-0.236417,12
0.647229,-0.121691,12
0.585045,-0.0787938,12
0.654545,-0.229933,12
0.61065,-0.18903,12
0.683975,-0.264184,12
0.558442,-0.18637,12
0.698773,-0.1877,12
0.714901,-0.0540197,12
0.627443,-0.192688,12
0.631434,-0.239909,12
0.739176,-0.148627,12
0.661362,-0.134328,12
0.650056,-0.104067,12
0.675828,-0.0887699,12
0.587705,-0.179885,12
0.731861,-0.232094,12
0.595852,-0.155444,12
0.588869,-0.202997,12
0.648393,-0.15295,12
0.696113,-0.184208,12
0.709414,-0.150788,12
0.67217,-0.202664,12
0.793713,-0.240574,12
0.682479,-0.16808,12
0.734687,-0.179553,12
0.697942,-0.0239249,12
0.710246,-0.110219,12
0.682811,-0.0679863,12
0.700103,-0.159767,12
0.766112,-0.180551,12
0.678488,-0.233923,12
0.67483,-0.188864,12
0.786729,-0.133995,12
0.741837,-0.165254,12
0.682479,-0.136489,12
0.641244,-0.230598,12
0.720554,-0.142475,12
0.743998,-0.19485,12
0.661362,-0.211975,12
0.781908,-0.282972,12
0.748986,-0.188199,12
0.73635,-0.113045,12
0.618797,-0.255704,12
0.672835,-0.283804,12
0.664521,-0.164755,12
0.546138,-0.267177,12
0.654878,-0.177558,12
0.584213,-0.278317,12
0.697609,-0.240407,12
0.679985,-0.148128,12
0.752478,-0.203995,12
0.736017,-0.186536,12
0.605828,-0.209481,12
0.69179,-0.187035,12
0.674331,-0.194351,12
0.625448,-0.226275,12
0.708749,-0.191026,12
0.657206,-0.116204,12
0.738844,-0.164755,12
0.625116,-0.105896,12
0.69179,-0.0929267,12
0.754806,-0.0576776,12
0.617467,-0.209481,12
0.626778,-0.180052,12
0.673999,-0.173068,12
0.604997,-0.0162765,12
0.717229,-0.10257,12
0.715566,-0.269172,12
0.701101,-0.150788,12
0.72388,-0.15827,12
0.653548,-0.138484,12
0.682811,-0.192356,12
0.691956,-0.186869,12
0.677158,-0.265514,12
0.594023,-0.15162,12
0.637586,-0.232427,12
0.726706,-0.209149,12
0.716065,-0.128176,12
0.563596,-0.0156115,12
0.716564,-0.210812,12
0.660697,-0.152285,12
0.654213,-0.143306,12
0.72388,-0.107558,12
0.690792,-0.117036,12
0.738345,-0.116703,12
0.591696,-0.2434,12
0.656707,-0.17922,12
0.698939,-0.137819,12
0.641078,-0.0992449,12
0.62312,-0.211144,12
0.62179,-0.228769,12
-0.0344744,-0.513422,13
-0.0713862,-0.534205,13
-0.0215054,-0.443589,13
-0.0447831,-0.588243,13
-0.0299852,-0.617174,13
-0.0384649,-0.559478,13
-0.168321,-0.552495,13
-0.032978,-0.59905,13
0.0169028,-0.55582,13
-0.0033821,-0.47651,13
-0.151528,-0.432615,13
0.0270452,-0.534704,13
-0.092835,-0.627316,13
-0.180958,-0.590903,13
-0.106635,-0.644442,13
-0.00604241,-0.520737,13
-0.0225031,-0.593563,13
-0.0491061,-0.576105,13
-0.157347,-0.717268,13
-0.19692,-0.506106,13
-0.0338094,-0.580096,13
-0.0938326,-0.658242,13
-0.00437971,-0.639287,13
-0.123096,-0.547507,13
-0.0708874,-0.630808,13
-0.0815286,-0.379242,13
-0.121766,-0.552162,13
-0.0831913,-0.499788,13
-0.056422,-0.561806,13
-0.0708874,-0.538196,13
-0.205898,-0.565963,13
0.0164039,-0.622328,13
-0.159841,-0.607031,13
-0.1492,-0.667221,13
-0.086683,-0.562471,13
-0.14787,-0.609691,13
-0.0279899,-0.524063,13
-0.0532629,-0.615843,13
-0.204734,-0.586248,13
-0.204402,-0.466534,13
0.00792421,-0.544514,13
-0.136397,-0.593065,13
-0.0278237,-0.517412,13
-0.0828588,-0.62266,13
-0.0233344,-0.577435,13
-0.0253296,-0.61734,13
-0.131077,-0.487484,13
0.0285416,-0.496462,13
0.00659406,-0.618504,13
-0.113286,-0.551664,13
-0.0793671,-0.597221,13
-0.0816949,-0.596889,13
-0.150364,-0.537032,13
-0.0176813,-0.559312,13
-0.0692247,-0.617839,13
-0.211551,-0.546675,13
-0.0994857,-0.593065,13
-0.0559232,-0.515916,13
-0.10198,-0.61152,13
-0.130744,-0.666389,13
-0.170316,-0.518576,13
-0.155518,-0.49879,13
-0.0825263,-0.525726,13
-0.0441181,-0.59373,13
-0.0760418,-0.665724,13
-0.056422,-0.51392,13
-0.0555906,-0.542519,13
-0.091006,-0.545512,13
-0.0767068,-0.600713,13
-0.0705549,-0.593563,13
-0.112122,-0.573279,13
-0.125756,-0.574609,13
-0.0236669,-0.53221,13
-0.0717188,-0.562804,13
-0.112455,-0.534704,13
-0.110293,-0.514752,13
-0.0379661,-0.636295,13
-0.0801985,-0.571782,13
-0.0128594,-0.551165,13
-0.130744,-0.516082,13
-0.0466121,-0.542851,13
-0.0482748,-0.585915,13
-0.0544268,-0.528718,13
-0.0402939,-0.59506,13
-0.167656,-0.554158,13
-0.0552581,-0.501783,13
-0.116778,-0.529882,13
-0.0178475,-0.565464,13
0.0273777,-0.481997,13
-0.0918373,-0.59905,13
-0.0830251,-0.56563,13
-0.037301,-0.591069,13
-0.0519327,-0.53936,13
-0.0893433,-0.501783,13
-0.129747,-0.604205,13
-0.167822,-0.565131,13
-0.142716,-0.60753,13
-0.0284888,-0.61867,13
-0.152359,-0.617506,13
-0.0868493,-0.528718,13
-0.00388091,-0.235918,14
0.081914,-0.143473,14
-0.0707211,-0.201002,14
-0.0077051,-0.267343,14
-0.0339756,-0.164422,14
0.0165702,-0.171073,14
-0.0570871,-0.245396,14
0.0119147,-0.23359,14
-0.0188451,-0.153947,14
0.0637907,-0.304089,14
-0.0353058,-0.278649,14
-0.000888059,-0.235586,14
0.0341948,-0.225111,14
-0.0935,-0.153947,14
-0.0481085,-0.225942,14
-0.0710537,-0.135159,14
-0.0634053,-0.170907,14
0.00393375,-0.193353,14
-0.0105317,-0.116869,14
0.0330309,-0.157273,14
0.043007,-0.140812,14
-0.088512,-0.162427,14
-0.0309828,-0.157273,14
-0.0560894,-0.148793,14
-0.0678946,-0.208484,14
-0.00870271,-0.242236,14
-0.0223368,-0.115373,14
-0.0377998,-0.154114,14
-0.0939988,-0.169411,14
-0.0479423,-0.00696546,14
-0.00521106,-0.183876,14
0.0471638,-0.181049,14
-0.0680608,-0.240574,14
-0.0409589,-0.137819,14
-0.0554244,-0.0987461,14
-0.0235007,-0.164422,14
-0.0238332,-0.197843,14
0.0175678,-0.10124,14
-0.0215054,-0.303091,14
-0.0821937,-0.0698152,14
-0.0698898,-0.130005,14
-0.0913385,-0.22245,14
-0.00870271,-0.152617,14
-0.103476,-0.161762,14
-0.0466121,-0.199838,14
-0.0181801,-0.176726,14
-0.0424554,-0.217296,14
-0.0377998,-0.15162,14
-0.0195102,-0.225111,14
0.0765934,-0.217296,14
-0.0793671,-0.213971,14
0.0345273,-0.16675,14
-0.037301,-0.188698,14
-0.0153535,-0.14048,14
-0.0472772,-0.162593,14
0.0524844,-0.139815,14
-0.130079,-0.189862,14
-0.0627402,-0.306583,14
0.00426629,-0.109221,14
-0.0457808,-0.195681,14
-0.0321467,-0.137986,14
-0.104308,-0.177558,14
0.0240523,-0.202664,14
-0.104474,-0.170741,14
-0.00970033,-0.154446,14
-0.15768,-0.197177,14
-0.0363034,-0.237415,14
-0.00371464,-0.174066,14
-0.0449494,-0.135492,14
-0.0836901,-0.238412,14
-0.110958,-0.223282,14
-0.0497712,-0.203828,14
-0.00820391,-0.147629,14
-0.0368022,-0.171905,14
-0.0411252,-0.195681,14
0.0436721,-0.137487,14
-0.0828588,-0.15029,14
0.0839093,-0.203496,14
-0.0900084,-0.12934,14
-0.0303177,-0.0699815,14
0.0390166,-0.159102,14
-0.0178475,-0.208484,14
-0.00570987,-0.0533546,14
-0.0527641,-0.171073,14
-0.0336431,-0.0713117,14
0.0406793,-0.252213,14
0.00343494,-0.124684,14
-0.100982,-0.123686,14
-0.0274911,-0.000314691,14
-0.037301,-0.12219,14
-0.0121944,-0.133829,14
-0.119105,-0.0822854,14
0.00293613,-0.181548,14
-0.10464,-0.0511931,14
0.00343494,-0.0767985,14
0.0518193,-0.206156,14
-0.0785358,-0.266179,14
0.0193968,-0.218792,14
-0.0259947,-0.151121,14
-0.0579184,-0.139981,14
0.273456,0.168449,15
0.21892,0.206691,15
0.343123,0.186239,15
0.212768,0.0884731,15
0.351436,0.243103,15
0.250345,0.204695,15
0.286093,0.195052,15
0.212269,0.197712,15
0.318848,0.216999,15
0.21177,0.206025,15
0.336306,0.140349,15
0.219918,0.223816,15
0.270463,0.136525,15
0.244359,0.140682,15
0.292411,0.242106,15
0.332316,0.187237,15
0.187329,0.181418,15
0.217423,0.142677,15
0.305047,0.096454,15
0.28177,0.163793,15
0.297898,0.0971191,15
0.260653,0.139351,15
0.136617,0.193555,15
0.27595,0.161299,15
0.29823,0.240111,15
0.254003,0.142843,15
0.32633,0.356499,15
0.306211,0.142178,15
0.307375,0.248258,15
0.288088,0.174601,15
0.190322,0.176263,15
0.219585,0.126881,15
0.208279,0.144506,15
0.202127,0.211845,15
0.272459,0.156643,15
0.332149,0.230301,15
0.183006,0.0956227,15
0.228231,0.158805,15
0.316354,0.175432,15
0.255832,0.106929,15
0.257162,0.139185,15
0.288753,0.20403,15
0.325665,0.210348,15
0.348776,0.236785,15
0.260986,0.183745,15
0.26348,0.144007,15
0.158232,0.155978,15
0.286425,0.189897,15
0.27063,0.158306,15
0.194146,0.157475,15
0.223077,0.214671,15
0.204454,0.199042,15
0.219751,0.221488,15
0.248516,0.149328,15
0.254668,0.184909,15
0.150916,0.166287,15
0.321009,0.153651,15
0.212768,0.136359,15
0.248516,0.209185,15
0.317518,0.265716,15
0.238706,0.221488,15
0.22025,0.250752,15
0.307043,0.178425,15
0.232221,0.121228,15
0.157733,0.0829862,15
0.220749,0.158805,15
0.297898,0.14966,15
0.252839,0.210016,15
0.282102,0.223983,15
0.292245,0.243769,15
0.252839,0.159969,15
0.261984,0.0808247,15
0.191319,0.237949,15
0.316852,0.143009,15
0.191984,0.295645,15
0.246354,0.090302,15
0.327327,0.14966,15
0.214098,0.0613712,15
0.280938,0.134862,15
0.285095,0.235954,15
0.317518,0.197213,15
0.229727,0.166287,15
0.260986,0.214505,15
0.184336,0.214505,15
0.215761,0.200206,15
0.272791,0.159969,15
0.303551,0.231797,15
0.219751,0.230301,15
0.203623,0.139684,15
0.286259,0.263222,15
0.335807,0.176263,15
0.310867,0.148995,15
0.326995,0.179422,15
0.241533,0.151988,15
0.248682,0.303625,15
0.261152,0.294148,15
0.285095,0.198211,15
0.303551,0.272201,15
0.231224,0.072345,15
0.227233,0.12472,15
-0.602284,-0.0967509,16
-0.52181,-0.167083,16
-0.571524,-0.147629,16
-0.519149,-0.0239249,16
-0.627723,-0.172403,16
-0.535111,-0.117535,16
-0.650502,-0.127012,16
-0.578507,-0.143639,16
-0.641191,-0.0753021,16
-0.666963,-0.240241,16
-0.519981,-0.152617,16
-0.619742,-0.129506,16
-0.670288,-0.149292,16
-0.675442,-0.0892687,16
-0.573021,-0.206987,16
-0.575681,-0.173068,16
-0.583828,-0.0922616,16
-0.667129,-0.142807,16
-0.524969,-0.182878,16
-0.59397,-0.201002,16
-0.574351,-0.140313,16
-0.653827,-0.065991,16
-0.639861,-0.146299,16
-0.64435,-0.0952544,16
-0.548579,-0.113212,16
-0.531453,-0.134494,16
-0.56903,-0.155111,16
-0.543092,-0.166584,16
-0.53694,-0.127843,16
-0.530289,-0.0656585,16
-0.63587,-0.291951,16
-0.564873,-0.179054,16
-0.588816,-0.13915,16
-0.64435,-0.128508,16
-0.65283,-0.180052,16
-0.576346,-0.135492,16
-0.546916,-0.169078,16
-0.544422,-0.167914,16
-0.675442,-0.0671549,16
-0.512499,-0.112713,16
-0.604445,-0.180717,16
-0.495705,-0.187866,16
-0.605277,-0.16276,16
-0.63454,-0.0786275,16
-0.54808,-0.130337,16
-0.636868,-0.176394,16
-0.591809,-0.0412169,16
-0.583828,-0.139981,16
-0.509838,-0.123188,16
-0.587486,-0.222783,16
-0.643186,-0.19352,16
-0.618745,-0.0990786,16
-0.574683,-0.195681,16
-0.5396,-0.160598,16
-0.579505,-0.140147,16
-0.515325,-0.105729,16
-0.567367,-0.175729,16
-0.595799,-0.065326,16
-0.54409,-0.2434,16
-0.580004,-0.208484,16
-0.566702,-0.0802902,16
-0.686416,-0.153116,16
-0.563044,-0.180218,16
-0.612925,-0.13599,16
-0.579838,-0.0964183,16
-0.520978,-0.120361,16
-0.519316,-0.103734,16
-0.572854,-0.0741382,16
-0.591144,-0.129672,16
-0.610431,-0.103402,16
-0.572688,-0.124684,16
-0.450314,-0.154446,16
-0.594303,-0.15561,16
-0.564375,-0.231263,16
-0.563543,-0.176726,16
-0.537771,-0.0600054,16
-0.518152,-0.0899338,16
-0.663305,-0.0881049,16
-0.50485,-0.159933,16
-0.622735,-0.128176,16
-0.585158,-0.041882,16
-0.568698,-0.137487,16
-0.647509,-0.170076,16
-0.585491,-0.0877723,16
-0.478413,-0.145301,16
-0.688744,-0.118532,16
-0.645181,-0.106893,16
-0.500361,-0.177558,16
-0.556726,-0.105397,16
-0.53694,-0.146465,16
-0.650169,-0.13333,16
-0.677271,-0.124684,16
-0.519316,-0.160598,16
-0.600621,-0.132166,16
-0.605776,-0.030742,16
-0.573353,-0.0731406,16
-0.53827,-0.143473,16
-0.657485,-0.157772,16
-0.627557,-0.191691,16
-0.575681,-0.125848,16
-0.41573,-0.293946,17
-0.337084,-0.2434,17
-0.328771,-0.181216,17
-0.342073,-0.0733069,17
-0.399768,-0.205325,17
-0.25661,-0.265847,17
-0.454138,-0.259528,17
-0.385635,-0.111216,17
-0.320125,-0.247225,17
-0.324282,-0.147297,17
-0.358201,-0.169078,17
-0.391953,-0.180218,17
-0.302999,-0.229101,17
-0.392951,-0.193187,17
-0.367512,-0.154945,17
-0.388462,-0.241904,17
-0.368343,-0.115706,17
-0.418723,-0.0859434,17
-0.272905,-0.139981,17
-0.408414,-0.181548,17
-0.359863,-0.264184,17
-0.34573,-0.187866,17
-0.420552,-0.146632,17
-0.283546,-0.175396,17
-0.398438,-0.178888,17
-0.444661,-0.216132,17
-0.426371,-0.219624,17
-0.361027,-0.14181,17
-0.382809,-0.297438,17
-0.451644,-0.188033,17
-0.361027,-0.214968,17
-0.402096,-0.199339,17
-0.315137,-0.255372,17
-0.269413,-0.211975,17
-0.426704,-0.204493,17
-0.312477,-0.276322,17
-0.257608,-0.176061,17
-0.418889,-0.162095,17
-0.342738,-0.249552,17
-0.331431,-0.196845,17
-0.260268,-0.186869,17
-0.388628,-0.139981,17
-0.377488,-0.134827,17
-0.376823,-0.145634,17
-0.365184,-0.15295,17
-0.29851,-0.156774,17
-0.402761,-0.116703,17
-0.286705,-0.195515,17
-0.37117,-0.178389,17
-0.355042,-0.11504,17
-0.37383,-0.106893,17
-0.336087,-0.14314,17
-0.438509,-0.210313,17
-0.342904,-0.244564,17
-0.389459,-0.180551,17
-0.406918,-0.213638,17
-0.276729,-0.234921,17
-0.455468,-0.185871,17
-0.301503,-0.201667,17
-0.394946,-0.283471,17
-0.277061,-0.0977485,17
-0.431027,-0.235419,17
-0.402096,-0.212807,17
-0.355208,-0.199672,17
-0.306657,-0.189695,17
-0.385968,-0.248056,17
-0.38231,-0.200835,17
-0.406585,-0.277652,17
-0.438841,-0.207985,17
-0.374994,-0.235253,17
-0.307821,-0.248721,17
-0.370338,-0.101905,17
-0.361194,-0.23359,17
-0.380647,-0.286298,17
-0.376657,-0.222284,17
-0.337417,-0.27017,17
-0.436015,-0.119862,17
-0.365018,-0.194018,17
-0.272406,-0.129506,17
-0.335754,-0.308744,17
-0.477915,-0.191026,17
-0.433687,-0.185705,17
-0.330267,-0.124518,17
-0.359863,-0.230099,17
-0.407915,-0.288792,17
-0.32661,-0.178223,17
-0.361859,-0.215966,17
-0.313474,-0.196512,17
-0.332429,-0.11953,17
-0.38896,-0.198508,17
-0.293854,-0.168413,17
-0.345232,-0.209315,17
-0.239983,-0.261191,17
-0.346894,-0.180883,17
-0.385635,-0.179553,17
-0.471097,-0.26302,17
-0.354543,-0.119696,17
-0.394447,-0.23941,17
-0.447654,-0.221287,17
-0.346562,-0.152451,17
0.74167,0.0141507,18
0.751813,-0.0491979,18
0.805185,-0.0250888,18
0.84243,-0.022096,18
0.85889,-0.048034,18
0.824805,0.0743402,18
0.728203,0.0417514,18
0.714569,0.0691859,18
0.799366,0.0841501,18
0.720055,-0.0147801,18
0.733689,-0.00613412,18
0.831456,0.0849814,18
0.669011,-0.0319058,18
0.813,0.016811,18
0.824472,-0.0410507,18
0.708749,0.0156472,18
0.832952,0.127713,18
0.764449,0.0690196,18
0.795043,-0.0144476,18
0.746492,-0.0358963,18
0.732858,0.112915,18
0.811337,-0.0781287,18
0.748654,0.0173098,18
0.788725,0.0035095,18
0.728701,0.122558,18
0.750483,0.0818223,18
0.658702,0.10776,18
0.79471,-0.0094595,18
0.747822,-0.00380635,18
0.798701,0.0883068,18
0.834947,0.0597085,18
0.745162,0.0505637,18
0.829461,0.0726775,18
0.778083,0.0917985,18
0.687633,0.0947913,18
0.75148,0.0912997,18
0.741504,0.00400831,18
0.741172,0.00467339,18
0.839603,-0.0340673,18
0.790055,-0.0814541,18
0.805684,-0.0472026,18
0.792715,0.116406,18
0.663191,0.059376,18
0.713238,0.0844826,18
0.814496,0.0562169,18
0.806349,-0.0149464,18
0.723547,-0.0756347,18
0.691956,-0.0605042,18
0.753476,-0.0287467,18
0.84376,0.0716799,18
0.742169,0.0760029,18
0.709248,0.035932,18
0.761456,0.172772,18
0.721219,0.0279511,18
0.744497,-0.0954207,18
0.862382,0.0252908,18
0.857394,0.0528915,18
0.713903,0.0474046,18
0.769105,0.0563831,18
0.774592,0.0266209,18
0.822644,0.0801596,18
0.822477,0.0432479,18
0.907441,0.0241269,18
0.860885,-0.0405518,18
0.762122,0.000849193,18
0.778748,-0.00696546,18
0.752644,0.0078325,18
0.735851,-0.0620006,18
0.795542,-0.0182718,18
0.71806,0.0156472,18
0.655377,0.0106591,18
0.681315,-0.0837819,18
0.775589,-0.108057,18
0.736516,0.0713474,18
0.68065,0.0324404,18
0.745495,0.0369296,18
0.713405,0.0934612,18
0.785233,0.130207,18
0.646066,0.0573807,18
0.6735,0.00400831,18
0.756967,0.112915,18
0.761124,0.0510625,18
0.78091,-0.0482002,18
0.770934,-0.002975,18
0.817323,0.0663593,18
0.78939,-0.018438,18
0.779414,-0.0428796,18
0.760293,-0.0119535,18
0.743499,0.0262884,18
0.777585,0.0201364,18
0.782406,-0.014115,18
0.815161,-0.018438,18
0.728701,0.139518,18
0.693785,0.0716799,18
0.66369,0.0525589,18
0.75148,0.13004,18
0.657206,0.0651954,18
0.755304,0.0365971,18
0.788226,0.0615375,18
0.654213,0.0437467,18
-0.359032,-0.646271,19
-0.336087,-0.683016,19
-0.378153,-0.603872,19
-0.400599,-0.634964,19
-0.411074,-0.638955,19
-0.390956,-0.656579,19
-0.443497,-0.739049,19
-0.270244,-0.759666,19
-0.373996,-0.588243,19
-0.364186,-0.638955,19
-0.336918,-0.62133,19
-0.354376,-0.647933,19
-0.426205,-0.679358,19
-0.372666,-0.53221,19
-0.293854,-0.696318,19
-0.342904,-0.676698,19
-0.331265,-0.600214,19
-0.340077,-0.695154,19
-0.452974,-0.664893,19
-0.380647,-0.702137,19
-0.385968,-0.630309,19
-0.320956,-0.61468,19
-0.454138,-0.586081,19
-0.422048,-0.568956,19
-0.32079,-0.660071,19
-0.394281,-0.653919,19
-0.30566,-0.592399,19
-0.346562,-0.742208,19
-0.451145,-0.592566,19
-0.422547,-0.522234,19
-0.404091,-0.645938,19
-0.387298,-0.630309,19
-0.318296,-0.64095,19
-0.448319,-0.647933,19
-0.38098,-0.73988,19
-0.338248,-0.634798,19
-0.385469,-0.578267,19
-0.445658,-0.617174,19
-0.273403,-0.697315,19
-0.428865,-0.710118,19
-0.489886,-0.670712,19
-0.41573,-0.54601,19
-0.416395,-0.59373,19
-0.438509,-0.625986,19
-0.379151,-0.671045,19
-0.347393,-0.628314,19
-0.283878,-0.656247,19
-0.31098,-0.617506,19
-0.312643,-0.523398,19
-0.467772,-0.638955,19
-0.409079,-0.62715,19
-0.471097,-0.690498,19
-0.392286,-0.571948,19
-0.362357,-0.697149,19
-0.403592,-0.524063,19
-0.34307,-0.603041,19
-0.269579,-0.666556,19
-0.474257,-0.627316,19
-0.35421,-0.58658,19
-0.371502,-0.588908,19
-0.368842,-0.590238,19
-0.432689,-0.647601,19
-0.471763,-0.702802,19
-0.513496,-0.645772,19
-0.387963,-0.643112,19
-0.502356,-0.576271,19
-0.368177,-0.575773,19
-0.406751,-0.715771,19
-0.344733,-0.647601,19
-0.495705,-0.604038,19
-0.325944,-0.64677,19
-0.354709,-0.719928,19
-0.332096,-0.677529,19
-0.375493,-0.705629,19
-0.55656,-0.620333,19
-0.412571,-0.707624,19
-0.375326,-0.597554,19
-0.348723,-0.64361,19
-0.474257,-0.662898,19
-0.356372,-0.643444,19
-0.415397,-0.608195,19
-0.362025,-0.677363,19
-0.409412,-0.585749,19
-0.351217,-0.566794,19
-0.451644,-0.597055,19
-0.357702,-0.655416,19
-0.328438,-0.560975,19
-0.452974,-0.61734,19
-0.3863,-0.694655,19
-0.339745,-0.667719,19
-0.389958,-0.601212,19
-0.366514,-0.618171,19
-0.388628,-0.724916,19
-0.421716,-0.712945,19
-0.387464,-0.630309,19
-0.418556,-0.615345,19
-0.367013,-0.645107,19
-0.343735,-0.541687,19
-0.338415,-0.679026,19
-0.454637,-0.743704,19
-0.894752,0.801934,20
-0.897246,0.713479,20
-0.808458,0.713978,20
-0.753256,0.738586,20
-0.888766,0.735427,20
-0.877626,0.668586,20
-0.828909,0.773004,20
-0.860666,0.71747,20
-0.855346,0.879915,20
-0.687746,0.816899,20
-0.867151,0.700178,20
-0.799812,0.737089,20
-0.784182,0.801269,20
-0.819432,0.772339,20
-0.855678,0.699346,20
-0.865488,0.827374,20
-0.757081,0.703836,20
-0.750264,0.754049,20
-0.715014,0.814571,20
-0.762069,0.721128,20
-0.693399,0.783977,20
-0.853018,0.728776,20
-0.832401,0.822219,20
-0.833398,0.763859,20
-0.727152,0.754215,20
-0.793327,0.800272,20
-0.800311,0.715308,20
-0.748435,0.730771,20
-0.830073,0.753384,20
-0.842044,0.753716,20
-0.826914,0.758871,20
-0.910215,0.73526,20
-0.810619,0.719299,20
-0.817436,0.749892,20
-0.823256,0.7745,20
-0.78385,0.824547,20
-0.853184,0.76735,20
-0.822923,0.721959,20
-0.925844,0.693361,20
-0.811451,0.767683,20
-0.939145,0.645808,20
-0.777199,0.65861,20
-0.763066,0.781317,20
-0.911378,0.809583,20
-0.838719,0.762695,20
-0.78784,0.746899,20
-0.875631,0.852314,20
-0.80214,0.790462,20
-0.875797,0.77184,20
-0.846201,0.759702,20
-0.783684,0.734097,20
-0.771879,0.718966,20
-0.860833,0.793455,20
-0.799479,0.781483,20
-0.841712,0.738586,20
-0.73347,0.798775,20
-0.8743,0.762196,20
-0.86316,0.812576,20
-0.816439,0.878086,20
-0.89658,0.735926,20
-0.808125,0.761864,20
-0.732972,0.773502,20
-0.844039,0.754714,20
-0.891094,0.733764,20
-0.919027,0.733598,20
-0.868481,0.668254,20
-0.868148,0.694192,20
-0.78385,0.876756,20
-0.84803,0.725617,20
-0.756914,0.736923,20
-0.74461,0.723289,20
-0.768553,0.777659,20
-0.781688,0.77716,20
-0.756748,0.747564,20
-0.778363,0.785308,20
-0.829907,0.782148,20
-0.879954,0.779987,20
-0.753589,0.698182,20
-0.867151,0.722458,20
-0.880785,0.820557,20
-0.83423,0.789298,20
-0.752425,0.745237,20
-0.781688,0.709156,20
-0.753423,0.766353,20
-0.953112,0.708657,20
-0.757579,0.687375,20
-0.845037,0.75488,20
-0.706368,0.754381,20
-0.801807,0.728443,20
-0.811949,0.761697,20
-0.805964,0.835687,20
-0.809788,0.735427,20
-0.84088,0.75089,20
-0.892756,0.773336,20
-0.859502,0.784476,20
-0.818101,0.733265,20
-0.795323,0.775498,20
-0.783517,0.77184,20
-0.736463,0.709156,20
-0.894585,0.638658,20
-0.576013,0.263887,21
-0.509339,0.438969,21
-0.511002,0.257569,21
-0.586821,0.367639,21
-0.573021,0.287165,21
-0.610099,0.297474,21
-0.569529,0.309279,21
-0.582997,0.193056,21
-0.692069,0.215004,21
-0.531786,0.296975,21
-0.554897,0.337877,21
-0.592142,0.326238,21
-0.569196,0.257735,21
-0.674944,0.220491,21
-0.586322,0.426665,21
-0.544256,0.349017,21
-0.540931,0.354005,21
-0.667129,0.391416,21
-0.564541,0.374789,21
-0.565206,0.300633,21
-0.56055,0.143176,21
-0.531952,0.329065,21
-0.620906,0.33106,21
-0.586156,0.288495,21
-0.57169,0.235455,21
-0.615087,0.256571,21
-0.635372,0.258068,21
-0.609267,0.305122,21
-0.598792,0.30296,21
-0.551239,0.321749,21
-0.645846,0.357497,21
-0.513496,0.32973,21
-0.65549,0.360988,21
-0.56504,0.225313,21
-0.577177,0.335715,21
-0.562546,0.230966,21
-0.644184,0.281512,21
-0.527296,0.346855,21
-0.554232,0.307782,21
-0.645181,0.315929,21
-0.585491,0.382603,21
-0.571358,0.264386,21
-0.642854,0.287497,21
-0.663138,0.250918,21
-0.519316,0.334552,21
-0.555729,0.36315,21
-0.53694,0.267711,21
-0.623733,0.336214,21
-0.493045,0.24327,21
-0.526299,0.283341,21
-0.524969,0.252747,21
-0.486893,0.31277,21
-0.565538,0.196216,21
-0.573686,0.371796,21
-0.489055,0.246595,21
-0.663804,0.219327,21
-0.656321,0.244101,21
-0.553567,0.392746,21
-0.589647,0.342366,21
-0.526964,0.365145,21
-0.615087,0.276357,21
-0.632379,0.168615,21
-0.603448,0.296143,21
-0.624065,0.361155,21
-0.655823,0.235954,21
-0.511168,0.226975,21
-0.588151,0.30612,21
-0.587652,0.317925,21
-0.657652,0.366309,21
-0.581667,0.280015,21
-0.735798,0.314932,21
-0.520978,0.307782,21
-0.569363,0.316927,21
-0.601951,0.287996,21
-0.641357,0.166786,21
-0.628388,0.210016,21
-0.510171,0.322746,21
-0.581833,0.234956,21
-0.594968,0.354504,21
-0.553733,0.31859,21
-0.54808,0.275859,21
-0.496038,0.175598,21
-0.527629,0.428494,21
-0.533448,0.27669,21
-0.602284,0.253578,21
-0.57169,0.324243,21
-0.548413,0.334219,21
-0.646179,0.354836,21
-0.599291,0.278519,21
-0.643685,0.403055,21
-0.65549,0.296808,21
-0.620241,0.261061,21
-0.601453,0.185907,21
-0.493045,0.294481,21
-0.467606,0.234457,21
-0.593139,0.354504,21
-0.523639,0.330561,21
-0.542593,0.313269,21
-0.584161,0.280015,21
-0.629885,0.231132,21
-0.18262,0.75222,22
-0.175138,0.755379,22
-0.110792,0.794619,22
-0.163832,0.610392,22
-0.181623,0.748396,22
-0.257774,0.714809,22
-0.17148,0.631342,22
-0.172145,0.69918,22
-0.182953,0.652126,22
-0.186112,0.7326,22
-0.240482,0.696852,22
-0.174639,0.688871,22
-0.242311,0.641485,22
-0.253285,0.652625,22
-0.163832,0.711151,22
-0.0916711,0.705498,22
-0.219033,0.678396,22
-0.216706,0.5793,22
-0.205233,0.622364,22
-0.141552,0.687874,22
-0.20357,0.590107,22
-0.138559,0.661936,22
-0.197585,0.813407,22
-0.236824,0.750225,22
-0.0935,0.671081,22
-0.144877,0.748562,22
-0.184449,0.763027,22
-0.164164,0.586782,22
-0.0760418,0.711816,22
-0.264924,0.838015,22
-0.266919,0.702173,22
-0.144212,0.562008,22
-0.179295,0.64215,22
-0.167324,0.771673,22
-0.277228,0.625523,22
-0.130079,0.762529,22
-0.265921,0.711151,22
-0.194758,0.666425,22
-0.242311,0.650629,22
-0.175471,0.638824,22
-0.144877,0.755047,22
-0.184782,0.666092,22
-0.244805,0.663266,22
-0.234496,0.684382,22
-0.198748,0.615879,22
-0.252952,0.704334,22
-0.193262,0.71298,22
-0.23566,0.755545,22
0.0125797,0.6907,22
-0.157514,0.70766,22
-0.163832,0.700843,22
-0.212383,0.711318,22
-0.259769,0.706163,22
-0.258605,0.702505,22
-0.0826925,0.574977,22
-0.145376,0.748063,22
-0.117277,0.771175,22
-0.157015,0.623195,22
-0.294852,0.680059,22
-0.198416,0.703669,22
-0.221029,0.697019,22
-0.251622,0.756709,22
-0.180958,0.711816,22
-0.185946,0.645309,22
-0.149366,0.769678,22
-0.182787,0.640653,22
-0.186611,0.608231,22
-0.172145,0.645309,22
-0.23433,0.724619,22
-0.191433,0.646473,22
-0.153024,0.662102,22
-0.200744,0.750058,22
-0.208558,0.686377,22
-0.209556,0.658943,22
-0.161504,0.735926,22
-0.191765,0.8302,22
-0.257774,0.707992,22
-0.236492,0.709988,22
-0.192264,0.75222,22
-0.13407,0.709655,22
-0.211551,0.636164,22
-0.191433,0.684382,22
-0.159841,0.681888,22
-0.148868,0.625689,22
-0.115115,0.666092,22
-0.097823,0.660273,22
-0.237489,0.696187,22
-0.266088,0.788633,22
-0.240815,0.724619,22
-0.253617,0.775498,22
-0.158012,0.650629,22
-0.263261,0.586117,22
-0.189437,0.620867,22
-0.284211,0.682886,22
-0.252287,0.67823,22
-0.142217,0.676567,22
-0.236325,0.735593,22
-0.215874,0.782148,22
-0.213214,0.660439,22
-0.163333,0.753883,22
0.55628,0.772505,23
0.619795,0.786804,23
0.675163,0.790794,23
0.510556,0.71165,23
0.627111,0.732933,23
0.594688,0.869107,23
0.613144,0.726282,23
0.55495,0.823383,23
0.627443,0.688871,23
0.56742,0.744738,23
0.637586,0.708824,23
0.57989,0.676567,23
0.653215,0.83602,23
0.719557,0.79944,23
0.551126,0.704334,23
0.611315,0.731603,23
0.866539,0.693527,23
0.651386,0.718966,23
0.676992,0.654952,23
0.527183,0.672743,23
0.628774,0.756709,23
0.648726,0.843335,23
0.679652,0.825378,23
0.610318,0.667256,23
0.585377,0.777992,23
0.618465,0.717802,23
0.566589,0.773004,23
0.610983,0.754381,23
0.592361,0.804096,23
0.47963,0.812742,23
0.666517,0.827872,23
0.529178,0.727446,23
0.631933,0.884404,23
0.563762,0.915829,23
0.683144,0.788965,23
0.534166,0.743906,23
0.586209,0.755878,23
0.653049,0.746567,23
0.582551,0.747564,23
0.654545,0.820723,23
0.59685,0.77184,23
0.564095,0.83602,23
0.54647,0.825711,23
0.674996,0.838514,23
0.646731,0.767018,23
0.669011,0.715142,23
0.468823,0.876091,23
0.641909,0.919986,23
0.534665,0.821554,23
0.593857,0.83735,23
0.611814,0.810414,23
0.542812,0.750391,23
0.702431,0.859131,23
0.621624,0.775664,23
0.688464,0.836186,23
0.617966,0.788799,23
0.706421,0.774666,23
0.613477,0.751222,23
0.627277,0.721626,23
0.638417,0.735926,23
0.673999,0.718634,23
0.594023,0.819559,23
0.604332,0.863953,23
0.60932,0.867278,23
0.553786,0.76336,23
0.69711,0.875259,23
0.634094,0.853977,23
0.586707,0.722291,23
0.547967,0.793122,23
0.506399,0.743075,23
0.635923,0.77184,23
0.628109,0.789631,23
0.590365,0.691033,23
0.636256,0.810747,23
0.66103,0.78298,23
0.804354,0.87925,23
0.693286,0.806424,23
0.666683,0.714144,23
0.650721,0.795616,23
0.513882,0.786471,23
0.633097,0.582126,23
0.589867,0.742078,23
0.645567,0.72279,23
0.668346,0.824381,23
0.628275,0.777825,23
0.749651,0.717968,23
0.631933,0.731603,23
0.531672,0.720462,23
0.568584,0.761032,23
0.584047,0.569324,23
0.615971,0.739085,23
0.624949,0.889891,23
0.54248,0.760533,23
0.57324,0.703004,23
0.541316,0.72146,23
0.623952,0.806923,23
0.554617,0.742909,23
0.582218,0.839678,23
0.607325,0.714144,23
0.544475,0.759037,23
0.718725,0.422508,24
0.67483,0.38809,24
0.718393,0.313103,24
0.721053,0.3422,24
0.7573,0.492175,24
0.750815,0.350347,24
0.767276,0.322913,24
0.762122,0.314267,24
0.738678,0.385929,24
0.74483,0.348518,24
0.737514,0.37695,24
0.693951,0.442959,24
0.624118,0.336048,24
0.690127,0.320751,24
0.733689,0.349682,24
0.749153,0.303625,24
0.786231,0.375288,24
0.688298,0.383268,24
0.750815,0.262058,24
0.710412,0.303792,24
0.723547,0.403221,24
0.706754,0.391748,24
0.714901,0.363981,24
0.791884,0.462579,24
0.713571,0.360157,24
0.751979,0.336879,24
0.720388,0.264053,24
0.784235,0.35334,24
0.635092,0.319255,24
0.673666,0.288661,24
0.718226,0.359159,24
0.729699,0.295977,24
0.743167,0.255075,24
0.737015,0.345692,24
0.682977,0.424503,24
0.765114,0.246096,24
0.676659,0.189565,24
0.652883,0.426665,24
0.695281,0.325906,24
0.687965,0.344195,24
0.80452,0.335549,24
0.794211,0.391748,24
0.68597,0.359326,24
0.708084,0.350513,24
0.702597,0.381772,24
0.698939,0.320252,24
0.751647,0.384931,24
0.600175,0.430821,24
0.76711,0.250253,24
0.799033,0.390917,24
0.706421,0.389088,24
0.758962,0.373957,24
0.656374,0.286001,24
0.721552,0.280514,24
0.719723,0.327568,24
0.663191,0.440299,24
0.753974,0.360323,24
0.75996,0.3422,24
0.685471,0.328732,24
0.726706,0.307616,24
0.673334,0.434479,24
0.760126,0.26954,24
0.71673,0.395905,24
0.728868,0.382271,24
0.749485,0.378613,24
0.755304,0.32973,24
0.783404,0.32258,24
0.692621,0.354338,24
0.62628,0.404883,24
0.745993,0.325407,24
0.771599,0.377117,24
0.685139,0.321416,24
0.743333,0.388257,24
0.760293,0.399064,24
0.659866,0.352509,24
0.802192,0.397235,24
0.720388,0.446617,24
0.820648,0.413031,24
0.736682,0.381606,24
0.710246,0.290823,24
0.824306,0.315763,24
0.764782,0.38144,24
0.714569,0.297307,24
0.677657,0.301963,24
0.631268,0.392081,24
0.771931,0.32125,24
0.760625,0.210348,24
0.717229,0.31277,24
0.850244,0.347354,24
0.744996,0.394076,24
0.82148,0.308115,24
0.749153,0.341202,24
0.709082,0.314599,24
0.734521,0.298804,24
0.696113,0.3979,24
0.70825,0.44695,24
0.767775,0.499491,24
0.688298,0.39657,24
0.617966,0.365976,24
0.649058,0.387758,24
0.429417,-0.909309,25
0.397992,-0.817362,25
0.387018,-0.796744,25
0.451364,-0.789429,25
0.323836,-0.821519,25
0.262482,-0.800569,25
0.465497,-0.871566,25
0.366733,-0.725249,25
0.344287,-0.841637,25
0.446709,-0.923109,25
0.332482,-0.823181,25
0.403978,-0.851281,25
0.3669,-0.859927,25
0.395664,-0.902658,25
0.340629,-0.898335,25
0.421103,-0.799238,25
0.370557,-0.804227,25
0.429084,-0.905484,25
0.241865,-0.790426,25
0.307874,-0.857599,25
0.394168,-0.772137,25
0.387351,-0.797742,25
0.390011,-0.805723,25
0.44887,-0.902658,25
0.449868,-0.91147,25
0.393835,-0.815699,25
0.296401,-0.826507,25
0.355593,-0.754346,25
0.392505,-0.849951,25
0.391674,-0.796911,25
0.323004,-0.885698,25
0.346615,-0.8571,25
0.32766,-0.908477,25
0.428087,-0.772469,25
0.416448,-0.852278,25
0.344619,-0.870235,25
0.405308,-0.794915,25
0.340629,-0.957859,25
0.491601,-0.793086,25
0.396329,-0.90033,25
0.330985,-0.810378,25
0.319347,-0.885366,25
0.397826,-0.849285,25
0.495592,-0.849285,25
0.413122,-0.784108,25
0.42127,-0.893513,25
0.363907,-0.94223,25
0.367232,-0.817196,25
0.355593,-0.843134,25
0.333812,-0.7733,25
0.471982,-0.80406,25
0.434737,-0.833822,25
0.392505,-0.820853,25
0.422267,-0.873561,25
0.451198,-0.742873,25
0.426258,-0.741876,25
0.435236,-0.808716,25
0.37089,-0.935579,25
0.461174,-0.831827,25
0.456352,-0.864416,25
0.453692,-0.810711,25
0.384358,-0.820188,25
0.373218,-0.898335,25
0.355593,-0.814535,25
0.369227,-0.749856,25
0.260321,-0.835818,25
0.371389,-0.860592,25
0.370724,-0.887694,25
0.385522,-0.857266,25
0.37488,-0.847457,25
0.349109,-0.90881,25
0.395332,-0.838977,25
0.419441,-0.813538,25
0.246521,-0.715439,25
0.454025,-0.861589,25
0.368728,-0.732066,25
0.418942,-0.81254,25
0.470652,-0.863086,25
0.500746,-0.695819,25
0.289917,-0.85577,25
0.412291,-0.942563,25
0.398823,-0.805889,25
0.399821,-0.834986,25
0.370059,-0.8852,25
0.426923,-0.753681,25
0.473644,-0.868074,25
0.515877,-0.777291,25
0.40165,-0.80406,25
0.3669,-0.799238,25
0.361246,-0.847955,25
0.427754,-0.856435,25
0.408467,-0.77646,25
0.396495,-0.831162,25
0.396163,-0.84729,25
0.324667,-0.80539,25
0.363408,-0.784939,25
0.360249,-0.765486,25
0.398823,-0.815699,25
0.350106,-0.964011,25
0.32633,-0.833822,25
0.444381,-0.0197682,26
0.48096,-0.0478677,26
0.44488,-0.13333,26
0.639082,-0.123686,26
0.417944,-0.0824517,26
0.363574,-0.0656585,26
0.412291,-0.184874,26
0.377042,-0.0767985,26
0.512718,0.0196376,26
0.404809,-0.0809553,26
0.496756,-0.0207658,26
0.445046,-0.0628319,26
0.371888,-0.0794589,26
0.455188,-0.123853,26
0.438395,-0.124518,26
0.362577,-0.123853,26
0.430747,-0.0309082,26
0.359085,-0.112214,26
0.414619,-0.131667,26
0.448039,-0.0322384,26
0.478965,-0.101905,26
0.487112,-0.0982473,26
0.454523,-0.0935917,26
0.377707,-0.106062,26
0.457017,-0.0683188,26
0.419108,-0.0839481,26
0.374049,-0.0817866,26
0.46716,-0.050528,26
0.355926,0.016146,26
0.443051,-0.142475,26
0.449868,-0.0829505,26
0.456851,-0.0628319,26
0.539986,-0.0728081,26
0.4645,-0.132499,26
0.359085,-0.12219,26
0.472148,-0.0551835,26
0.446709,-0.0511931,26
0.362244,-0.126513,26
0.447873,-0.127344,26
0.281936,0.00334323,26
0.469321,0.0480697,26
0.481459,0.0914659,26
0.459013,-0.0550173,26
0.494428,-0.0186043,26
0.474143,-0.0536871,26
0.486946,-0.0225948,26
0.42792,-0.0706466,26
0.469321,-0.151952,26
0.385355,-0.0769648,26
0.385189,0.0109916,26
0.546803,-0.118366,26
0.431412,-0.126014,26
0.388847,-0.0939243,26
0.530508,-0.13333,26
0.477469,-0.0460387,26
0.486613,0.0351007,26
0.420438,-0.0287467,26
0.490438,-0.132332,26
0.462172,-0.0576776,26
0.39184,-0.0126186,26
0.449868,-0.161596,26
0.521364,0.0111579,26
0.535497,-0.0294118,26
0.455188,-0.105064,26
0.407802,-0.0856108,26
0.396662,-0.151786,26
0.448371,0.00616981,26
0.405973,-0.065326,26
0.449535,-0.148128,26
0.453193,-0.0300769,26
0.451364,-0.0889362,26
0.458181,-0.076466,26
0.329821,0.00749996,26
0.45602,-0.0440435,26
0.459179,-0.127843,26
0.435735,0.059376,26
0.44754,-0.0756347,26
0.451863,0.0864779,26
0.434405,-0.0315733,26
0.368562,-0.0693164,26
0.529677,-0.0377253,26
0.455022,-0.0259202,26
0.347113,-0.0741382,26
0.350273,-0.0558486,26
0.492433,-0.0929267,26
0.442219,-0.0668224,26
0.466661,-0.0972497,26
0.44887,-0.171572,26
0.462504,-0.0874398,26
0.463003,-0.155943,26
0.528846,-0.0408844,26
0.43773,-0.114874,26
0.559439,0.0588772,26
0.483288,0.00168054,26
0.425426,-0.12352,26
0.462338,-0.083283,26
0.439892,-0.0457062,26
0.54115,-0.07896,26
0.475307,-0.00912696,26
0.48096,-0.0847795,26
0.43241,-0.434776,27
0.54248,-0.401522,27
0.453692,-0.446748,27
0.386519,-0.332022,27
0.52153,-0.400691,27
0.367398,-0.445584,27
0.527848,-0.386558,27
0.383859,-0.377081,27
0.417778,-0.423137,27
0.408467,-0.423969,27
0.435236,-0.412662,27
0.415949,-0.409005,27
0.412291,-0.43328,27
0.492599,-0.289956,27
0.451032,-0.401024,27
0.435569,-0.319053,27
0.262482,-0.446415,27
0.483288,-0.453398,27
0.412457,-0.376915,27
0.470153,-0.263186,27
0.335308,-0.380905,27
0.437896,-0.461213,27
0.467991,-0.330359,27
0.510057,-0.303257,27
0.42127,-0.293281,27
0.454191,-0.37309,27
0.361413,-0.458719,27
0.3807,-0.400857,27
0.332648,-0.290288,27
0.382529,-0.404682,27
0.429916,-0.450572,27
0.392671,-0.37043,27
0.526518,-0.28264,27
0.492433,-0.354967,27
0.445545,-0.404848,27
0.352933,-0.358459,27
0.425925,-0.460215,27
0.39583,-0.359124,27
0.399987,-0.375584,27
0.51887,-0.303756,27
0.406638,-0.380074,27
0.415783,-0.39138,27
0.512385,-0.315894,27
0.496423,-0.359456,27
0.474808,-0.441593,27
0.520865,-0.494134,27
0.409631,-0.331856,27
0.416281,-0.373755,27
0.380035,-0.456391,27
0.470319,-0.385062,27
0.401151,-0.371594,27
0.463668,-0.412829,27
0.442718,-0.288127,27
0.353764,-0.353969,27
0.468823,-0.370763,27
0.407137,-0.389385,27
0.514547,-0.38423,27
0.465497,-0.434943,27
0.359916,-0.350311,27
0.484951,-0.358459,27
0.458514,-0.337675,27
0.452861,-0.411665,27
0.373384,-0.339171,27
0.434571,-0.428458,27
0.539154,-0.453066,27
0.464666,-0.347485,27
0.357588,-0.353803,27
0.406804,-0.279481,27
0.446875,-0.397366,27
0.357588,-0.36777,27
0.392339,-0.457389,27
0.377208,-0.417318,27
0.445046,-0.38872,27
0.446542,-0.433779,27
0.472148,-0.347485,27
0.431911,-0.370097,27
0.382529,-0.350977,27
0.400985,-0.477674,27
0.44754,-0.280645,27
0.364405,-0.363114,27
0.511055,-0.341,27
0.413787,-0.416653,27
0.391507,-0.411831,27
0.428585,-0.39005,27
0.431745,-0.365109,27
0.504737,-0.389717,27
0.43374,-0.40651,27
0.406139,-0.396534,27
0.385189,-0.349979,27
0.413289,-0.420145,27
0.417113,-0.362782,27
0.369726,-0.431118,27
0.424761,-0.381404,27
0.531672,-0.371594,27
0.394666,-0.393375,27
0.464998,-0.425631,27
0.449868,-0.377912,27
0.409963,-0.351143,27
0.475806,-0.323043,27
0.469321,-0.367603,27
-0.458128,0.47189,28
-0.486394,0.499657,28
-0.447487,0.493006,28
-0.432856,0.600582,28
-0.575681,0.589609,28
-0.525634,0.458256,28
-0.430694,0.449111,28
-0.417393,0.48702,28
-0.482404,0.646805,28
-0.515658,0.574146,28
-0.522308,0.575476,28
-0.402262,0.641152,28
-0.414067,0.593765,28
-0.485397,0.495168,28
-0.514826,0.597922,28
-0.455967,0.534241,28
-0.553567,0.361986,28
-0.584493,0.551533,28
-0.431027,0.532246,28
-0.529791,0.530749,28
-0.474257,0.546379,28
-0.438176,0.496332,28
-0.380148,0.528089,28
-0.530622,0.472389,28
-0.467273,0.543885,28
-0.420718,0.552531,28
-0.541762,0.558184,28
-0.457297,0.534407,28
-0.49238,0.554027,28
-0.484066,0.525262,28
-0.447654,0.469396,28
-0.457463,0.639489,28
-0.409412,0.487519,28
-0.502522,0.537234,28
-0.490052,0.528588,28
-0.467273,0.527424,28
-0.417559,0.566497,28
-0.443996,0.551865,28
-0.477083,0.445786,28
-0.388462,0.486189,28
-0.462285,0.518113,28
-0.461454,0.524764,28
-0.493876,0.558184,28
-0.531121,0.441795,28
-0.360362,0.495334,28
-0.477748,0.571153,28
-0.500527,0.489182,28
-0.525468,0.554027,28
-0.474589,0.58196,28
-0.462285,0.544051,28
-0.51732,0.601746,28
-0.522641,0.636829,28
-0.435516,0.428327,28
-0.504019,0.569656,28
-0.414233,0.529585,28
-0.422879,0.54987,28
-0.540764,0.512792,28
-0.594303,0.417187,28
-0.442998,0.583789,28
-0.447321,0.417686,28
-0.385968,0.4955,28
-0.487226,0.500322,28
-0.374828,0.571984,28
-0.428034,0.555856,28
-0.514161,0.519277,28
-0.410077,0.51246,28
-0.421882,0.497495,28
-0.546417,0.597257,28
-0.497368,0.505476,28
-0.492879,0.475548,28
-0.478247,0.569324,28
-0.505515,0.518113,28
-0.414732,0.513956,28
-0.472594,0.505144,28
-0.389459,0.461082,28
-0.43801,0.448779,28
-0.448817,0.565998,28
-0.414067,0.575642,28
-0.458627,0.456094,28
-0.501525,0.494669,28
-0.498199,0.485192,28
-0.445991,0.487852,28
-0.474423,0.549371,28
-0.428034,0.484693,28
-0.353046,0.636663,28
-0.48124,0.504146,28
-0.522807,0.485524,28
-0.520978,0.55968,28
-0.456133,0.458921,28
-0.546417,0.567162,28
-0.444993,0.480536,28
-0.52447,0.419848,28
-0.474257,0.375121,28
-0.444661,0.486189,28
-0.572522,0.575642,28
-0.442,0.511961,28
-0.455468,0.497994,28
-0.455136,0.502484,28
-0.526798,0.5374,28
-0.461454,0.519609,28
-0.163499,0.335217,29
-0.122265,0.391249,29
-0.159343,0.380276,29
-0.14072,0.435144,29
-0.0981556,0.33505,29
0.00509763,0.339872,29
-0.032978,0.383102,29
-0.0126932,0.28068,29
-0.0487736,0.391582,29
-0.0110305,0.386261,29
-0.0748779,0.362485,29
0.0333634,0.26422,29
-0.0728826,0.387758,29
-0.116611,0.239944,29
-0.0645692,0.414195,29
-0.0654005,0.329563,29
-0.0110305,0.452935,29
-0.141219,0.367307,29
-0.147704,0.343198,29
-0.0748779,0.41486,29
-0.160673,0.403221,29
-0.106469,0.310443,29
-0.107467,0.277854,29
-0.0544268,0.349682,29
-0.116445,0.426997,29
-0.084854,0.402223,29
0.0471638,0.269208,29
-0.0441181,0.362485,29
-0.107965,0.36448,29
-0.149699,0.269873,29
-0.156017,0.444456,29
-0.103144,0.319587,29
-0.113286,0.413696,29
-0.1073,0.29631,29
-0.0708874,0.335549,29
-0.0856854,0.345692,29
-0.175138,0.445453,29
-0.135899,0.373126,29
-0.157181,0.438802,29
-0.140222,0.367307,29
-0.126089,0.344029,29
-0.151195,0.289825,29
-0.154687,0.340704,29
-0.127086,0.280182,29
-0.116611,0.327402,29
-0.103144,0.377948,29
-0.129913,0.312438,29
-0.0903409,0.304623,29
-0.150198,0.303625,29
-0.119937,0.400727,29
-0.119272,0.304124,29
-0.0717188,0.402722,29
-0.0535954,0.410204,29
-0.0715525,0.344361,29
-0.0615763,0.39524,29
-0.150364,0.370798,29
-0.0396288,0.313768,29
-0.0933338,0.277022,29
-0.158179,0.351345,29
-0.0983218,0.302462,29
-0.0361371,0.330062,29
0.0195631,0.340537,29
-0.130911,0.454432,29
-0.0790346,0.291322,29
-0.0895096,0.262557,29
-0.0793671,0.316262,29
-0.079866,0.308447,29
-0.0678946,0.321416,29
-0.130744,0.365311,29
-0.185281,0.30612,29
-0.169818,0.366143,29
-0.128583,0.294979,29
-0.076208,0.288661,29
-0.0614101,0.287664,29
-0.0437855,0.290158,29
-0.0663981,0.362152,29
-0.162502,0.31992,29
-0.0609113,0.314932,29
-0.179794,0.329896,29
-0.0220043,0.459752,29
-0.0509351,0.44246,29
-0.0634053,0.473054,29
-0.169818,0.331559,29
-0.00936779,0.276025,29
-0.0768731,0.379777,29
-0.133903,0.345525,29
-0.0915048,0.350015,29
-0.0667307,0.336048,29
-0.0835239,0.388755,29
-0.113452,0.336048,29
-0.102312,0.380608,29
-0.0622414,0.237949,29
-0.137063,0.357497,29
-0.106303,0.315597,29
-0.155518,0.447448,29
-0.0843552,0.29764,29
-0.0672295,0.300134,29
-0.0768731,0.367307,29
-0.130079,0.390252,29
-0.198083,0.326737,29
-0.760905,-0.394373,30
-0.790334,-0.419646,30
-0.809123,-0.499122,30
-0.922352,-0.460215,30
-0.818933,-0.442591,30
-0.904561,-0.49879,30
-0.759907,-0.504111,30
-0.878125,-0.594395,30
-0.812615,-0.544514,30
-0.915868,-0.473018,30
-0.922519,-0.499122,30
-0.912044,-0.499455,30
-0.916533,-0.515417,30
-0.880286,-0.46404,30
-0.896747,-0.503279,30
-0.85784,-0.525393,30
-0.895084,-0.565131,30
-0.828244,-0.50145,30
-0.873802,-0.558148,30
-0.817935,-0.384397,30
-0.86898,-0.550333,30
-0.855013,-0.472686,30
-0.929834,-0.444586,30
-0.876462,-0.506937,30
-0.829075,-0.567127,30
-0.827911,-0.504443,30
-0.85202,-0.592566,30
-0.9162,-0.526723,30
-0.857673,-0.443589,30
-0.76689,-0.565131,30
-0.873303,-0.494633,30
-0.806961,-0.551165,30
-0.809123,-0.49613,30
-0.88012,-0.474348,30
-0.767722,-0.557649,30
-0.859669,-0.565131,30
-0.873303,-0.441427,30
-0.806629,-0.515749,30
-0.841047,-0.404848,30
-0.862662,-0.649762,30
-0.78385,-0.498457,30
-0.81328,-0.446083,30
-0.857507,-0.548338,30
-0.882281,-0.555488,30
-0.857175,-0.497293,30
-0.757081,-0.456059,30
-0.862495,-0.540357,30
-0.784182,-0.468529,30
-0.828909,-0.44442,30
-0.831569,-0.581426,30
-0.777864,-0.562637,30
-0.86765,-0.465869,30
-0.80214,-0.469527,30
-0.881949,-0.567459,30
-0.830073,-0.446083,30
-0.87031,-0.577269,30
-0.767389,-0.466534,30
-0.777698,-0.557649,30
-0.935321,-0.464372,30
-0.909383,-0.512258,30
-0.813446,-0.462876,30
-0.899906,-0.57677,30
-0.770548,-0.503612,30
-0.843707,-0.454562,30
-0.718174,-0.555321,30
-0.922851,-0.502115,30
-0.857507,-0.50012,30
-0.892257,-0.60487,30
-0.749931,-0.558314,30
-0.873137,-0.481664,30
-0.80879,-0.535868,30
-0.892257,-0.487317,30
-0.840049,-0.499954,30
-0.796486,-0.47784,30
-0.870144,-0.561473,30
-0.856177,-0.576604,30
-0.814776,-0.514585,30
-0.768387,-0.466866,30
-0.896248,-0.403185,30
-0.830738,-0.55715,30
-0.859004,-0.535369,30
-0.808458,-0.429954,30
-0.801142,-0.562804,30
-0.87031,-0.524063,30
-0.875298,-0.394373,30
-0.847864,-0.486486,30
-0.801308,-0.493802,30
-0.849526,-0.467864,30
-0.793494,-0.478505,30
-0.813778,-0.434943,30
-0.791332,-0.471854,30
-0.84803,-0.405679,30
-0.863327,-0.537697,30
-0.796486,-0.53354,30
-0.760905,-0.527721,30
-0.81328,-0.46404,30
-0.831902,-0.500951,30
-0.913207,-0.463707,30
-0.871308,-0.387556,30
-0.811118,-0.503113,30
-0.787674,0.0196376,31
-0.876296,0.0452431,31
-0.822092,0.0269535,31
-0.771546,-0.0816204,31
-0.787009,-0.0518582,31
-0.81328,0.0108253,31
-0.803303,-0.0405518,31
-0.846866,0.0743402,31
-0.726653,-0.0639958,31
-0.78385,0.0169773,31
-0.840215,-0.0275828,31
-0.804467,0.0183075,31
-0.77271,-0.0741382,31
-0.897911,-0.0337348,31
-0.778031,0.0503974,31
-0.782021,-0.00995831,31
-0.791665,-0.0169416,31
-0.810619,-0.0751359,31
-0.724492,0.0339368,31
-0.816106,-0.126513,31
-0.794491,-0.00912696,31
-0.795156,-0.0841144,31
-0.701879,-0.0287467,31
-0.818933,-0.00330754,31
-0.897079,0.00932892,31
-0.783684,-0.0422145,31
-0.761404,-0.105397,31
-0.771047,0.0410864,31
-0.830405,-0.022761,31
-0.882281,-0.0924279,31
-0.768221,-0.078295,31
-0.830738,0.0385923,31
-0.727485,-0.100409,31
-0.768553,0.01864,31
-0.791332,0.0520601,31
-0.768221,-0.0679863,31
-0.790833,-0.117867,31
-0.722995,0.00766623,31
-0.762734,0.0715136,31
-0.844039,0.031609,31
-0.857673,-0.0410507,31
-0.842709,0.0474046,31
-0.791332,0.0232955,31
-0.720003,-0.0104571,31
-0.858671,-0.00114604,31
-0.773042,0.027286,31
-0.80613,-0.0590077,31
-0.751427,-0.0181055,31
-0.797484,-0.0967509,31
-0.758078,-0.0457062,31
-0.729147,-0.00779681,31
-0.76157,-0.105563,31
-0.754587,-0.0967509,31
-0.780358,-0.0239249,31
-0.802472,0.0613712,31
-0.814277,-0.0151127,31
-0.699718,-0.0753021,31
-0.866319,0.0542216,31
-0.81594,0.0208015,31
-0.768054,-0.0181055,31
-0.776867,0.0415852,31
-0.858505,-0.0756347,31
-0.812781,-0.0683188,31
-0.773209,-0.00247619,31
-0.75176,0.0475709,31
-0.868814,-0.0811215,31
-0.700549,-0.065326,31
-0.844704,0.100777,31
-0.816771,0.0991143,31
-0.705038,0.00799877,31
-0.839218,-0.0322384,31
-0.672948,0.0871429,31
-0.77005,-0.0728081,31
-0.784515,-0.0541859,31
-0.761071,0.060041,31
-0.705205,0.00367577,31
-0.823089,0.00533846,31
-0.688578,-0.0240912,31
-0.712022,-0.074637,31
-0.80879,-0.113544,31
-0.772876,-0.0663236,31
-0.794491,-0.0448748,31
-0.754254,-0.0219297,31
-0.825085,-0.0329035,31
-0.745774,0.024792,31
-0.834895,-0.0709791,31
-0.784016,-0.0621669,31
-0.814942,0.0449105,31
-0.861996,-0.00896069,31
-0.784349,-0.0136162,31
-0.773375,0.0169773,31
-0.736962,-0.0310745,31
-0.771879,-0.002975,31
-0.839883,0.09396,31
-0.679433,-0.0222622,31
-0.838719,-0.0370602,31
-0.795489,-0.00929323,31
-0.828743,0.00866385,31
-0.744278,-0.0668224,31
-0.692402,0.0763354,31
